Geography,AgeGroup,count,sum,ChurnRate,ChurnContribution
Germany,46-60,502,338,67.33067729083665,16.593028964162983
France,46-60,749,343,45.794392523364486,16.83848797250859
Spain,46-60,396,161,40.65656565656566,7.903780068728522
Germany,60+,113,44,38.93805309734513,2.160039273441335
Germany,30-45,1522,385,25.295663600525625,18.900343642611684
Spain,60+,120,25,20.833333333333336,1.2272950417280315
France,60+,231,46,19.913419913419915,2.258222876779578
Germany,<30,372,47,12.634408602150538,2.3073146784486993
Spain,30-45,1558,195,12.51604621309371,9.572901325478647
France,30-45,3168,376,11.868686868686869,18.458517427589594
Spain,<30,403,32,7.94044665012407,1.5709376534118802
France,<30,866,45,5.196304849884527,2.2091310751104567
