Geography,AgeGroup,EngagementStatus,count,sum,ChurnRate,ChurnContribution
Germany,46-60,Inactive,237,195,82.27848101265823,15.612489991993595
Spain,46-60,Inactive,64,40,62.5,3.2025620496397114
France,46-60,Inactive,144,87,60.416666666666664,6.965572457966374
Germany,46-60,Active,195,105,53.84615384615385,8.406725380304243
France,46-60,Active,144,51,35.41666666666667,4.083266613290633
Germany,30-45,Inactive,616,212,34.41558441558442,16.97357886309047
Spain,46-60,Active,95,27,28.421052631578945,2.1617293835068057
Germany,60+,Active,65,17,26.153846153846157,1.3610888710968776
Germany,30-45,Active,604,134,22.185430463576157,10.728582866293035
Germany,<30,Inactive,151,32,21.192052980132452,2.5620496397117694
Spain,<30,Inactive,68,12,17.647058823529413,0.9607686148919135
France,30-45,Inactive,664,116,17.46987951807229,9.287429943955164
Spain,30-45,Inactive,294,47,15.98639455782313,3.7630104083266613
France,60+,Active,69,7,10.144927536231885,0.5604483586869495
Spain,<30,Active,87,8,9.195402298850574,0.6405124099279423
France,30-45,Active,615,56,9.105691056910569,4.483586869495596
Germany,<30,Active,148,12,8.108108108108109,0.9607686148919135
Spain,30-45,Active,310,24,7.741935483870968,1.921537229783827
France,<30,Inactive,170,12,7.0588235294117645,0.9607686148919135
France,<30,Active,165,9,5.454545454545454,0.7205764611689351
