Geography,AgeGroup,EngagementStatus,BalanceSegment,count,sum,ChurnRate,ChurnContribution
Germany,46-60,Inactive,High-balance,237,195,82.27848101265823,9.572901325478647
Spain,46-60,Inactive,High-balance,64,40,62.5,1.9636720667648502
France,46-60,Inactive,High-balance,144,87,60.416666666666664,4.270986745213549
France,46-60,Inactive,Zero-balance,154,92,59.74025974025974,4.516445753559156
Spain,46-60,Inactive,Zero-balance,76,45,59.210526315789465,2.2091310751104567
Germany,46-60,Active,High-balance,195,105,53.84615384615385,5.154639175257731
France,46-60,Active,High-balance,144,51,35.41666666666667,2.503681885125184
Germany,30-45,Inactive,High-balance,616,212,34.41558441558442,10.407461953853707
France,46-60,Active,Low-balance,63,21,33.33333333333333,1.0309278350515463
Spain,30-45,Inactive,Low-balance,93,30,32.25806451612903,1.4727540500736376
France,46-60,Active,Zero-balance,197,61,30.96446700507614,2.9945999018163967
Spain,46-60,Active,High-balance,95,27,28.421052631578945,1.3254786450662739
Germany,60+,Active,High-balance,65,17,26.153846153846157,0.8345606283750614
Germany,30-45,Active,High-balance,604,134,22.185430463576157,6.578301423662249
Germany,<30,Inactive,High-balance,151,32,21.192052980132452,1.5709376534118802
Spain,46-60,Active,Zero-balance,99,19,19.19191919191919,0.9327442317133039
Spain,<30,Inactive,High-balance,68,12,17.647058823529413,0.5891016200294551
France,30-45,Inactive,High-balance,664,116,17.46987951807229,5.694648993618066
France,30-45,Inactive,Low-balance,181,30,16.574585635359114,1.4727540500736376
Spain,30-45,Inactive,High-balance,294,47,15.98639455782313,2.3073146784486993
Germany,30-45,Inactive,Low-balance,154,24,15.584415584415584,1.1782032400589102
Spain,30-45,Inactive,Zero-balance,399,55,13.784461152882205,2.7000490918016693
Spain,30-45,Active,Low-balance,99,13,13.131313131313133,0.6381934216985763
France,30-45,Inactive,Zero-balance,768,98,12.760416666666666,4.810996563573884
France,30-45,Active,Low-balance,189,21,11.11111111111111,1.0309278350515463
France,60+,Active,High-balance,69,7,10.144927536231885,0.3436426116838488
Germany,30-45,Active,Low-balance,148,15,10.135135135135135,0.7363770250368188
Spain,<30,Active,High-balance,87,8,9.195402298850574,0.39273441335297005
France,30-45,Active,High-balance,615,56,9.105691056910569,2.7491408934707904
Germany,<30,Active,High-balance,148,12,8.108108108108109,0.5891016200294551
Spain,30-45,Active,High-balance,310,24,7.741935483870968,1.1782032400589102
France,30-45,Active,Zero-balance,751,55,7.323568575233022,2.7000490918016693
Spain,30-45,Active,Zero-balance,363,26,7.162534435261708,1.2763868433971526
France,<30,Inactive,High-balance,170,12,7.0588235294117645,0.5891016200294551
France,<30,Active,High-balance,165,9,5.454545454545454,0.4418262150220913
France,60+,Active,Zero-balance,96,5,5.208333333333334,0.24545900834560627
France,<30,Active,Low-balance,58,3,5.172413793103448,0.14727540500736377
France,<30,Inactive,Zero-balance,221,10,4.524886877828054,0.49091801669121254
Spain,<30,Inactive,Zero-balance,102,4,3.9215686274509802,0.19636720667648502
Spain,<30,Active,Zero-balance,104,4,3.8461538461538463,0.19636720667648502
France,<30,Active,Zero-balance,216,7,3.2407407407407405,0.3436426116838488
